<keymap version="1" name="Default copy" parent="Mac OS X 10.5+">
  <action id="ActivateTerminalToolWindow">
    <keyboard-shortcut first-keystroke="alt f12" />
    <keyboard-shortcut first-keystroke="ctrl b" />
  </action>
  <action id="EditorLeft">
    <keyboard-shortcut first-keystroke="left" />
  </action>
  <action id="EditorUp">
    <keyboard-shortcut first-keystroke="up" />
  </action>
  <action id="Exit">
    <keyboard-shortcut first-keystroke="meta alt q" />
  </action>
  <action id="GotoBookmark6" />
  <action id="GotoFile">
    <keyboard-shortcut first-keystroke="shift meta o" />
    <keyboard-shortcut first-keystroke="ctrl p" />
  </action>
  <action id="GotoTest" />
  <action id="Images.ShowThumbnails" />
  <action id="List-selectPreviousColumn">
    <keyboard-shortcut first-keystroke="left" />
  </action>
  <action id="ReopenClosedTab">
    <keyboard-shortcut first-keystroke="shift meta t" />
  </action>
  <action id="RunDashboard.ShowConfigurations" />
  <action id="Switcher">
    <keyboard-shortcut first-keystroke="ctrl tab" />
    <keyboard-shortcut first-keystroke="shift ctrl tab" />
    <keyboard-shortcut first-keystroke="ctrl 6" />
  </action>
  <action id="Table-selectPreviousRow">
    <keyboard-shortcut first-keystroke="up" />
  </action>
</keymap>